{"schema":5,"addons":[{"id":"langpack-en-ZA@firefox.mozilla.org","icons":{"32":"https://addons.cdn.mozilla.net/user-media/addon_icons/6/6180-32.png?modified=1358351591","64":"https://addons.cdn.mozilla.net/user-media/addon_icons/6/6180-64.png?modified=1358351591"},"name":"English (South African) Language Pack","type":"locale","version":"49.0","repositoryStatus":4,"creator":{"name":"Dwayne Bailey","url":"https://addons.mozilla.org/en-US/firefox/user/dwayne-bailey/?src=api"},"developers":[{"name":"Translate.org.za","url":"https://addons.mozilla.org/en-US/firefox/user/translateorgza/?src=api"},{"name":"Mozilla","url":"https://addons.mozilla.org/en-US/firefox/user/mozilla/?src=api"}],"description":"Adds South African English language support to the Firefox browser. All interfaces will be translated into South African English.","fullDescription":"Translation of the Firefox user interface into South African English by http://translate.org.za.\n\nIf you find missing translations or incorrect translations then visit http://pootle.translate.org.za and please contribute a correction.","isPlatformCompatible":true,"eula":null,"averageRating":1,"learnmoreURL":"https://addons.mozilla.org/en-US/firefox/addon/english-south-african-language/?src=api","homepageURL":"http://translate.org.za/content/view/15/31/lang,en/","sourceURI":"https://addons.mozilla.org/firefox/downloads/file/505610/english_south_african_language_pack-49.0-fx.xpi?src=api","size":431492,"developerComments":null,"reviewURL":"https://addons.mozilla.org/en-US/firefox/addon/english-south-african-language/reviews/?src=api","reviewCount":1,"totalDownloads":100552,"weeklyDownloads":152,"dailyUsers":100552,"updateDate":1474320448000,"supportURL":null},{"id":"langpack-en-GB@firefox.mozilla.org","icons":{"32":null,"64":null},"name":"English (GB) Language Pack","type":"locale","version":"49.0","repositoryStatus":4,"creator":{"name":"Mozilla","url":"https://addons.mozilla.org/en-US/firefox/user/mozilla/?src=api"},"description":null,"fullDescription":null,"isPlatformCompatible":true,"eula":null,"averageRating":3,"learnmoreURL":"https://addons.mozilla.org/en-US/firefox/addon/english-gb-language-pack/?src=api","homepageURL":"https://addons.mozilla.org/en-US/firefox/addon/english-gb-language-pack/?src=api","sourceURI":"https://addons.mozilla.org/firefox/downloads/file/505618/english_gb_language_pack-49.0-fx.xpi?src=api","size":443113,"developerComments":null,"reviewURL":"https://addons.mozilla.org/en-US/firefox/addon/english-gb-language-pack/reviews/?src=api","reviewCount":17,"totalDownloads":748177,"weeklyDownloads":1539,"dailyUsers":748177,"updateDate":1474320455000,"supportURL":null},{"id":"@perf_mark_startend_google_docs","icons":{"32":"https://addons.cdn.mozilla.net/static/img/addon-icons/alerts-32.png","64":"https://addons.cdn.mozilla.net/static/img/addon-icons/alerts-64.png"},"name":"Perf Mark of Add-On Start and End","type":"extension","version":"0.0.3","repositoryStatus":4,"creator":{"name":"askeing","url":"https://addons.mozilla.org/en-US/firefox/user/askeing/?src=api"},"description":"Using Performance Mark to monitor the Add-On Start and End.","fullDescription":"Using Performance Mark to monitor the Add-On Start and End for Google Docs.\nThe Profiler can show the performance mark on profiling results at pageMod start and end.\n\nReference:\nhttps://developer.mozilla.org/en-US/Add-ons/SDK/High-Level_APIs/page-mod\n\n\"start\": Load content scripts immediately after the document element is inserted into the DOM, but before the DOM content itself has been loaded\n\"ready\": Load content scripts once DOM content has been loaded, corresponding to the DOMContentLoaded event\n\"end\": Load content scripts once all the content (DOM, JS, CSS, images) has been loaded, at the time the window.onload event fires","isPlatformCompatible":true,"eula":null,"screenshots":[{"url":"https://addons.cdn.mozilla.net/user-media/previews/full/173/173853.png?src=api&modified=1462524786","width":"700","height":"484","thumbnailURL":"https://addons.cdn.mozilla.net/user-media/previews/thumbs/173/173853.png?src=api&modified=1462524786","thumbnailWidth":"200","thumbnailHeight":"138","caption":"Setup the URL Match Pattern."},{"url":"https://addons.cdn.mozilla.net/user-media/previews/full/173/173854.png?src=api&modified=1462524786","width":"700","height":"484","thumbnailURL":"https://addons.cdn.mozilla.net/user-media/previews/thumbs/173/173854.png?src=api&modified=1462524786","thumbnailWidth":"200","thumbnailHeight":"138","caption":"The Perf Mark will be displayed on profiling result."}],"averageRating":0,"learnmoreURL":"https://addons.mozilla.org/en-US/firefox/addon/perfmark-startend-google-docs/?src=api","homepageURL":"https://github.com/askeing/firefox_perf_mark","sourceURI":"https://addons.mozilla.org/firefox/downloads/file/441145/perf_mark_of_add_on_start_and_end-0.0.3-fx+an.xpi?src=api","size":7741,"contributionURL":"https://addons.mozilla.org/en-US/firefox/addon/perfmark-startend-google-docs/developers?src=api","contributionAmount":"$1.99","developerComments":null,"reviewURL":"https://addons.mozilla.org/en-US/firefox/addon/perfmark-startend-google-docs/reviews/?src=api","reviewCount":0,"totalDownloads":352,"weeklyDownloads":2,"dailyUsers":5,"updateDate":1463770296000,"supportURL":null},{"id":"langpack-zh-TW@firefox.mozilla.org","icons":{"32":null,"64":null},"name":"Traditional Chinese (zh-TW) Language Pack","type":"locale","version":"49.0","repositoryStatus":4,"creator":{"name":"Mozilla","url":"https://addons.mozilla.org/en-US/firefox/user/mozilla/?src=api"},"description":null,"fullDescription":null,"isPlatformCompatible":true,"eula":null,"averageRating":0,"learnmoreURL":"https://addons.mozilla.org/en-US/firefox/addon/traditional-chinese-zh-tw-l/?src=api","homepageURL":"https://addons.mozilla.org/en-US/firefox/addon/traditional-chinese-zh-tw-l/?src=api","sourceURI":"https://addons.mozilla.org/firefox/downloads/file/505661/traditional_chinese_zh_tw_language_pack-49.0-fx.xpi?src=api","size":490773,"developerComments":null,"reviewURL":"https://addons.mozilla.org/en-US/firefox/addon/traditional-chinese-zh-tw-l/reviews/?src=api","reviewCount":0,"totalDownloads":41738,"weeklyDownloads":233,"dailyUsers":41738,"updateDate":1474320491000,"supportURL":null},{"id":"@perf_mark_hotkeys","icons":{"32":"https://addons.cdn.mozilla.net/static/img/addon-icons/alerts-32.png","64":"https://addons.cdn.mozilla.net/static/img/addon-icons/alerts-64.png"},"name":"Sending Perf Mark by Hotkeys","type":"extension","version":"0.0.4","repositoryStatus":4,"creator":{"name":"askeing","url":"https://addons.mozilla.org/en-US/firefox/user/askeing/?src=api"},"description":"Using Hotkeys to send Performance Mark at Runtime.","fullDescription":"Using Hotkeys to send Performance Mark at Runtime.\nThe Profiler can show the performance mark on profiling results.\nYou can setup the mark's message on Add-On preferences page.\n\nHotkeys:\nCtrl+Shift+3, Ctrl+Shift+4, Ctrl+Shift+5, ..., Ctrl+Shift+0","isPlatformCompatible":true,"eula":null,"screenshots":[{"url":"https://addons.cdn.mozilla.net/user-media/previews/full/173/173738.png?src=api&modified=1463638620","width":"700","height":"505","thumbnailURL":"https://addons.cdn.mozilla.net/user-media/previews/thumbs/173/173738.png?src=api&modified=1463638620","thumbnailWidth":"200","thumbnailHeight":"144","caption":"Setup the messages of Mark."},{"url":"https://addons.cdn.mozilla.net/user-media/previews/full/174/174318.png?src=api&modified=1463638624","width":"700","height":"463","thumbnailURL":"https://addons.cdn.mozilla.net/user-media/previews/thumbs/174/174318.png?src=api&modified=1463638624","thumbnailWidth":"200","thumbnailHeight":"132","caption":"Enable/Disable the HotKeys."},{"url":"https://addons.cdn.mozilla.net/user-media/previews/full/173/173739.png?src=api&modified=1463638620","width":"700","height":"505","thumbnailURL":"https://addons.cdn.mozilla.net/user-media/previews/thumbs/173/173739.png?src=api&modified=1463638620","thumbnailWidth":"200","thumbnailHeight":"144","caption":"The Perf Mark will be displayed on profiling result."}],"averageRating":0,"learnmoreURL":"https://addons.mozilla.org/en-US/firefox/addon/sending-perf-mark-by-hotkeys/?src=api","homepageURL":"https://github.com/askeing/firefox_perf_mark","sourceURI":"https://addons.mozilla.org/firefox/downloads/file/441146/sending_perf_mark_by_hotkeys-0.0.4-an+fx.xpi?src=api","size":7387,"contributionURL":"https://addons.mozilla.org/en-US/firefox/addon/sending-perf-mark-by-hotkeys/developers?src=api","contributionAmount":"$1.99","developerComments":null,"reviewURL":"https://addons.mozilla.org/en-US/firefox/addon/sending-perf-mark-by-hotkeys/reviews/?src=api","reviewCount":0,"totalDownloads":479,"weeklyDownloads":5,"dailyUsers":1,"updateDate":1463840957000,"supportURL":null}]}